{
  "info": {
    "id": "wireshark-portable",
    "guid": "{18EC4107-69C1-4A94-B7D5-FBD10E99CB49}",
    "name": "Wireshark Portable",
    "version": "3.6.5",
    "release": "19",
    "date": "2022/06/05 19:20:32",
    "publisher": "CrazyMax",
    "url": "https://github.com/portapps/wireshark-portable",
    "portapps_version": "3.5.0"
  },
  "win_version": {
    "Major": 10,
    "Minor": 0,
    "Build": 26100
  },
  "root_path": "C:\\Users\\support\\Downloads\\wireshark-portable",
  "app_path": "C:\\Users\\support\\Downloads\\wireshark-portable\\app",
  "data_path": "C:\\Users\\support\\Downloads\\wireshark-portable\\data"
}