<?xml version="1.0" encoding="UTF-8"?>

<application id="19302"		name="Ericsson SCAP"			uri="http://www.ericsson.com/"/>
<application id="19310"		name="Ericsson SRAP"			uri="http://www.ericsson.com/"/>
<application id="16777227"	name="Ericsson MSI"			uri="none"/>
<application id="16777228"	name="Ericsson Zx"			uri="none"/>
<application id="16777232"	name="Ericsson Charging-CIP"		uri="none"/>
<application id="16777233"	name="Ericsson Mm"			uri="none"/>
<application id="16777269"	name="Ericsson HSI"			uri="none"/>
<application id="16777301"	name="Ericsson Charging-DCIP"		uri="none"/>
<application id="16777304"	name="Ericsson Sy"			uri="none"/>
<application id="16777315"	name="Ericsson Diameter Signalling Controller Application (DSC)" uri="none"/>
<application id="16777327"	name="Ericsson Sx"			uri="none"/>

<vendor vendor-id="Ericsson" code="193" name="Ericsson">
<!-- *********** Last updated 2007-04-12 ************ -->
	<avp name="Acc-Service-Type" code="261" mandatory="must" vendor-bit="must" vendor-id="Ericsson" may-encrypt="no" protected="mustnot">
	   <type type-name="Enumerated"/>
		<enum name="Audio Conference" code="0"/>
		<enum name="Video Conference" code="1"/>
	</avp>
	<avp name="SSO-Status" code="280" vendor-id="Ericsson" mandatory="must" vendor-bit="must" may-encrypt="no" protected="mustnot">
		<type type-name="Enumerated"/>
		<enum name="NON-VALID" code="0"/>
		<enum name="NON-TRUSTED" code="1"/>
	</avp>
	<avp name="IMS-Service-Identification" code="284" vendor-id="Ericsson" mandatory="must" vendor-bit="must" may-encrypt="no" protected="mustnot">
		<type type-name="UTF8String"/>
	</avp>
	<avp name="Ericsson_Service_Information" code="285" vendor-id="Ericsson" mandatory="must" vendor-bit="must">
		<type type-name="OctetString"/>
	</avp>
	<avp name="Activity-Information" code="288" vendor-id="Ericsson" mandatory="must" vendor-bit="must" may-encrypt="no" protected="mustnot">
		<type type-name="OctetString"/>
	</avp>
	<avp name="Feature-Tag" code="289" vendor-id="Ericsson" mandatory="must" vendor-bit="must" may-encrypt="no" protected="mustnot">
		<type type-name="UTF8String"/>
	</avp>
	<avp name="Rule-Space-Suggestion" code="290" mandatory="must" vendor-bit="must" vendor-id="Ericsson" may-encrypt="no" protected="mustnot">
		<type type-name="UTF8String"/>
	</avp>
	<avp name="Rule-Space-Decision" code="291" mandatory="must" vendor-bit="must" vendor-id="Ericsson" may-encrypt="no" protected="mustnot">
		<type type-name="UTF8String"/>
	</avp>
	<avp name="Bearer-Control-Options" code="292" mandatory="must" vendor-bit="must" vendor-id="Ericsson" may-encrypt="no" protected="mustnot">
		<type type-name="Unsigned32"/>
	</avp>
	<avp name="PDP-context-type" code="321" mandatory="must" vendor-bit="must" vendor-id="Ericsson" may-encrypt="no" protected="mustnot">
		<type type-name="Enumerated"/>
		<enum name="PRIMARY" code="0"/>
		<enum name="SECONDARY" code="1"/>
	</avp>
	<avp name="Active-Time-Reporting" code="322" mandatory="must" vendor-bit="must" vendor-id="Ericsson" may-encrypt="no" protected="mustnot">
		<type type-name="Enumerated"/>
		<enum name="NO_REPORTING" code="0"/>
		<enum name="REPORT_TIMESTAMP" code="1"/>
		<enum name="REPORT_TIME_STAMP_VOLUME" code="2"/>
	</avp>
	<avp name="Active-Time-Report" code="323" mandatory="must" vendor-bit="must" vendor-id="Ericsson" may-encrypt="no" protected="mustnot">
		<grouped>
			<gavp name="Active-Time-Report-Start-Time"/>
			<gavp name="Active-Time-Report-End-Time"/>
			<gavp name="CC-Total-Octets"/>
			<gavp name="CC-Input-Octets"/>
			<gavp name="CC-Output-Octets"/>
		</grouped>
	</avp>
	<avp name="Active-Time-Report-Start-Time" code="324" mandatory="must" vendor-bit="must" vendor-id="Ericsson" may-encrypt="no" protected="mustnot">
		<type type-name="Time"/>
	</avp>
	<avp name="Active-Time-Report-End-Time" code="325" mandatory="must" vendor-bit="must" vendor-id="Ericsson" may-encrypt="no" protected="mustnot">
		<type type-name="Time"/>
	</avp>
	<avp name="Time-Quota-Measurement" code="326" mandatory="must" vendor-bit="must" vendor-id="Ericsson" may-encrypt="no" protected="mustnot">
		<grouped>
			<gavp name="Time-Quota-Method"/>
			<gavp name="Time-Quota-Resolution"/>
			<gavp name="Time-Quota-Inactivity-Time"/>
		</grouped>
	</avp>
	<avp name="Time-Quota-Method" code="327" mandatory="must" vendor-bit="must" vendor-id="Ericsson" may-encrypt="no" protected="mustnot">
		<type type-name="Enumerated"/>
		<enum name="DURATION" code="1"/>
		<enum name="INACTIVITY_INCLUDED" code="2"/>
		<enum name="INACTIVITY" code="3"/>
		<enum name="ACTIVE_PERIODS" code="4"/>
	</avp>
	<avp name="Time-Quota-Resolution" code="328" mandatory="must" vendor-bit="must" vendor-id="Ericsson" may-encrypt="no" protected="mustnot">
		<type type-name="Unsigned32"/>
	</avp>
	<avp name="Time-Quota-Inactivity-Time" code="329" mandatory="must" vendor-bit="must" vendor-id="Ericsson" may-encrypt="no" protected="mustnot">
		<type type-name="Unsigned32"/>
	</avp>
	<avp name="User-Redirected" code="330" mandatory="must" vendor-bit="must" vendor-id="Ericsson" may-encrypt="no" protected="mustnot">
		<type type-name="Enumerated"/>
		<enum name="APPEND_URL" code="1"/>
	</avp>
	<avp name="URL-Modifier" code="332" mandatory="must" vendor-bit="must" vendor-id="Ericsson" may-encrypt="no" protected="mustnot">
		<type type-name="Enumerated"/>
		<enum name="APPEND_URL" code="1"/>
	</avp>
	<avp name="GPRS-Roaming-Status" code="333" vendor-id="Ericsson" mandatory="must" vendor-bit="must" may-encrypt="no" protected="mustnot">
		<type type-name="Enumerated"/>
		<enum name="HOME" code="0"/>
		<enum name="VISITED" code="1"/>
	</avp>
	<avp name="Ericsson-Wildcarded-Public-Identity" code="334" vendor-id="Ericsson" mandatory="must" vendor-bit="must" may-encrypt="no" protected="mustnot">
		<type type-name="OctetString"/>
	</avp>
	<avp name="SIP-Ringing-Timestamp" code="338" vendor-id="Ericsson" mandatory="must" vendor-bit="must" may-encrypt="no" protected="mustnot">
		<type type-name="Time"/>
	</avp>

	<!-- ************************** SCAP AVPS, see 155 19-FAY 112 51/2 rev B ********************* -->
	<avp name="SCAP-Currency-Code" code="544" mandatory="must" vendor-bit="must" vendor-id="Ericsson" protected="may" may-encrypt="yes">
	    <type type-name="Unsigned32"/>
	</avp>
	<avp name="SCAP-Subscription-Id" code="553" mandatory="must" vendor-bit="must" vendor-id="Ericsson" protected="may" may-encrypt="yes">
		<grouped>
			<gavp name="SCAP-Subscription-Id-Data"/>
			<gavp name="SCAP-Subscription-Id-Type"/>
		</grouped>
	</avp>
	<avp name="SCAP-Subscription-Id-Data" code="554" mandatory="must" vendor-bit="must" vendor-id="Ericsson" protected="may" may-encrypt="yes">
		<type type-name="UTF8String"/>
	</avp>
	<avp name="SCAP-Subscription-Id-Type" code="555" mandatory="must" vendor-bit="must" vendor-id="Ericsson" protected="may" may-encrypt="yes">
		<type type-name="Enumerated"/>
		<enum name="End User MSISDN" code="0"/>
		<enum name="End User IMSI" code="1"/>
		<enum name="End User SIP URI" code="2"/>
		<enum name="End User NAI" code="3"/>
		<enum name="End User PRIVATE (operator defined)" code="4"/>
	</avp>
	<avp name="Original-Subscription-Id" code="559" mandatory="must" vendor-bit="must" vendor-id="Ericsson" protected="may" may-encrypt="yes">
		<grouped>
			<gavp name="SCAP-Subscription-Id-Data"/>
			<gavp name="SCAP-Subscription-Id-Type"/>
		</grouped>
	</avp>

	<avp name="Abnormal-Termination-Reason" code="600" mandatory="must" vendor-bit="must" vendor-id="Ericsson" protected="may" may-encrypt="yes">
		<type type-name="Enumerated"/>
		<enum name="Service Element Termination" code="0"/>
		<enum name="Connection to User Broken" code="1"/>
	</avp>
	<avp name="SCAP-Final-Unit-Indication" code="601" mandatory="must" vendor-bit="must" vendor-id="Ericsson" protected="may" may-encrypt="yes">
		<type type-name="Unsigned32"/>
	</avp>
	<avp name="SCAP-Granted-Service-Unit" code="602" mandatory="must" vendor-bit="must" vendor-id="Ericsson" protected="may" may-encrypt="yes">
		<grouped>
			<gavp name="SCAP-Unit-Type"/>
			<gavp name="SCAP-Unit-Value"/>
			<gavp name="SCAP-Currency-Code"/>
		</grouped>
	</avp>
	<avp name="Cost" code="603" mandatory="must" vendor-bit="must" vendor-id="Ericsson" protected="may" may-encrypt="yes">
		<type type-name="Float64"/>
	</avp>
	<avp name="SCAP-Cost-Information" code="604" mandatory="must" vendor-bit="must" vendor-id="Ericsson" protected="may" may-encrypt="yes">
		<grouped>
			<gavp name="Cost"/>
			<gavp name="SCAP-Currency-Code"/>
		</grouped>
	</avp>
	<avp name="Accounting-Correlation-Id" code="605" mandatory="must" vendor-bit="must" vendor-id="Ericsson" protected="may" may-encrypt="yes">
		<type type-name="UTF8String"/>
	</avp>

	<avp name="SCAP-Requested-Service-Unit" code="606" mandatory="must" vendor-bit="must" vendor-id="Ericsson" protected="may" may-encrypt="yes">
		<grouped>
			<gavp name="SCAP-Unit-Type"/>
			<gavp name="SCAP-Unit-Value"/>
			<gavp name="SCAP-Currency-Code"/>
		</grouped>
	</avp>
	<avp name="SCAP-Service-Parameter-Info" code="607" mandatory="must" vendor-bit="must" vendor-id="Ericsson" protected="may" may-encrypt="yes">
		<grouped>
			<gavp name="SCAP-Service-Parameter-Type"/>
			<gavp name="SCAP-Service-Parameter-Value"/>
		</grouped>
	</avp>
	<avp name="SCAP-Service-Parameter-Type" code="608" mandatory="must" vendor-bit="must" vendor-id="Ericsson" protected="may" may-encrypt="yes">
		<type type-name="Enumerated"/>
		<!-- CCN Specific Interpretation, see 1553-HSD 108 06/1 rev A -->
		<enum name="Service Provider Id (CCN)" code="0"/>
		<enum name="Extension Number 1 (CCN)" code="1"/>
		<enum name="Extension Number 2 (CCN)" code="2"/>
		<enum name="Extension Number 3 (CCN)" code="3"/>
		<enum name="Extension Number 4 (CCN)" code="4"/>
		<enum name="Extension Text (CCN)" code="5"/>
		<enum name="GPRS Quality of Service (CCN)" code="6"/>
		<enum name="Redirecting Party Number (CCN)" code="7"/>
		<enum name="Originating Location Information (CCN)" code="8"/>
		<enum name="Terminating Location Information (CCN)" code="9"/>
		<enum name="Region Charging Origin (CCN)" code="10"/>
		<enum name="Subscription Type (CCN)" code="11"/>
		<enum name="SMS Delivery Status (CCN)" code="12"/>
		<enum name="Time Zone (CCN)" code="13"/>
		<enum name="Traffic Case (CCN)" code="14"/>
		<enum name="Dedicated Account Id (CCN)" code="15"/>
		<enum name="Calling Party Number (CCN)" code="16"/>
		<enum name="Called Party Number (CCN)" code="17"/>
		<enum name="Tele Service Code (CCN)" code="18"/>
		<enum name="Service Key (CCN)" code="19"/>
	</avp>
	<avp name="SCAP-Service-Parameter-Value" code="609" mandatory="must" vendor-bit="must" vendor-id="Ericsson" protected="may" may-encrypt="yes">
		<type type-name="OctetString"/>
	</avp>
	<avp name="SCAP-Event-Timestamp" code="610" mandatory="must" vendor-bit="must" vendor-id="Ericsson" protected="may" may-encrypt="yes">
		<type type-name="Time"/>
	</avp>
	<avp name="SCAP-Unit-Type" code="611" mandatory="must" vendor-bit="must" vendor-id="Ericsson" protected="may" may-encrypt="yes">
		<type type-name="Enumerated"/>
		<enum name="Service Credit Time (seconds)" code="0"/>
		<enum name="Service Credit Volume (bytes)" code="1"/>
		<enum name="Service Credit Events (number of events)" code="2"/>
		<enum name="Serivce Credit Money (monetary value)" code="3"/>
	</avp>
	<avp name="SCAP-Unit-Value" code="612" mandatory="must" vendor-bit="must" vendor-id="Ericsson" protected="may" may-encrypt="yes">
		<grouped>
			<gavp name="SCAP-Value-Digits"/>
			<gavp name="SCAP-Exponent"/>
		</grouped>
	</avp>
	<avp name="SCAP-Used-Service-Unit" code="613" mandatory="must" vendor-bit="must" vendor-id="Ericsson" protected="may" may-encrypt="yes">
		<grouped>
			<gavp name="SCAP-Unit-Type"/>
			<gavp name="SCAP-Unit-Value"/>
			<gavp name="SCAP-Currency-Code"/>
		</grouped>
	</avp>
	<avp name="SCAP-Check-Balance-Result" code="614" mandatory="must" vendor-bit="must" vendor-id="Ericsson" protected="may" may-encrypt="yes">
		<type type-name="Enumerated"/>
		<enum name="Enough Credit" code="0"/>
		<enum name="No Credit" code="1"/>
	</avp>
	<avp name="SCAP-Requested-Action" code="615" mandatory="must" vendor-bit="must" vendor-id="Ericsson" protected="may" may-encrypt="yes">
		<type type-name="Enumerated"/>
		<enum name="Direct Debiting" code="0"/>
		<enum name="Refund Account" code="1"/>
		<enum name="Check Balance" code="2"/>
		<enum name="Price Enquiry" code="3"/>
	</avp>
	<avp name="SCAP-Exponent" code="616" mandatory="must" vendor-bit="must" vendor-id="Ericsson" protected="may" may-encrypt="yes">
		<type type-name="Integer32"/>
	</avp>
	<avp name="SCAP-Value-Digits" code="617" mandatory="must" vendor-bit="must" vendor-id="Ericsson" protected="may" may-encrypt="yes">
		<type type-name="Unsigned64"/>
	</avp>
	<!-- ************************ END SCAP AVPS ******************* -->

	<avp name="Requested-Service" code="701" mandatory="must" vendor-bit="must" vendor-id="Ericsson" may-encrypt="no">
		<type type-name="UTF8String"/>
	</avp>
	<avp name="S-CSCF-Name-Originating" code="1008" vendor-id="None" mandatory="must"  may-encrypt="no">
		<type type-name="OctetString"/>
	</avp>
	<avp name="S-CSCF-Name-Terminating" code="1009" vendor-id="None" mandatory="must"  may-encrypt="no">
		<type type-name="OctetString"/>
	</avp>
	<avp name="SIP-Server-Name" code="1012" vendor-id="None" mandatory="must"  may-encrypt="no">
		<type type-name="OctetString"/>
	</avp>


	<avp name="Charging-Rule-Authorization" code="1055" mandatory="must" vendor-bit="must" vendor-id="Ericsson" may-encrypt="no" protected="mustnot">
		<grouped>
			<gavp name="Authorization-State"/>
			<gavp name="Authorization-State-Change-Time"/>
			<gavp name="Next-Authorization-State"/>
		</grouped>
	</avp>
	<avp name="Authorization-State" code="1056" mandatory="must" vendor-bit="must" vendor-id="Ericsson" may-encrypt="no" protected="mustnot">
		<type type-name="Enumerated"/>
		<enum name="Authorized" code="0"/>
		<enum name="Unauthorized due to calendar time" code="1"/>
		<enum name="Unauthorized due to roaming" code="2"/>
		<enum name="Unauthorized due to QoS" code="3"/>
		<enum name="Unauthorized due to blacklisting" code="4"/>
		<enum name="Unauthorized due to terminal limitations" code="5"/>
		<enum name="Unauthorized due to user defined reason 1" code="6"/>
		<enum name="Unauthorized due to user defined reason 2" code="7"/>
		<enum name="Unauthorized due to user defined reason 3" code="8"/>
		<enum name="Unauthorized due to user defined reason 4" code="9"/>
		<enum name="Unauthorized due to user defined reason 5" code="10"/>
		<enum name="Unauthorized due to unknown reason" code="11"/>
		<enum name="Unauthorized due to Usage Reporting over Gx" code="12"/>
	</avp>
	<avp name="Authorization-State-Change-Time" code="1057" mandatory="must" vendor-bit="must" vendor-id="Ericsson" may-encrypt="no" protected="mustnot">
		<type type-name="OctetString"/>
	</avp>
	<avp name="Next-Authorization-State" code="1059" mandatory="must" vendor-bit="must" vendor-id="Ericsson" may-encrypt="no" protected="mustnot">
		<type type-name="Enumerated"/>
		<enum name="Authorized" code="0"/>
		<enum name="Unauthorized due to calendar time" code="1"/>
	</avp>
	<avp name="Gx-Capability-List" code="1060" mandatory="must" vendor-bit="must" vendor-id="Ericsson" may-encrypt="no" protected="mustnot">
		<type type-name="Unsigned32"/>
	</avp>
	<avp name="MMT-Information" code="1061" vendor-id="Ericsson" mandatory="must" vendor-bit="must">
		<type type-name="OctetString"/>
	</avp>
	<avp name="Result-Code-Extension" code="1067" mandatory="must" vendor-bit="must" vendor-id="Ericsson" may-encrypt="no" protected="mustnot">
		<type type-name="Unsigned32"/>
	</avp>
	<avp name="Subscription-Id-Location" code="1074" mandatory="must" vendor-bit="must" vendor-id="Ericsson" may-encrypt="no" protected="mustnot">
		<type type-name="UTF8String"/>
	</avp>
	<avp name="Other-Party-Id" code="1075" mandatory="must" vendor-bit="must" vendor-id="Ericsson" may-encrypt="no" protected="mustnot">
		<grouped>
			<gavp name="Other-Party-Id-Nature"/>
			<gavp name="Other-Party-Id-Data"/>
			<gavp name="Other-Party-Id-Type"/>
		</grouped>
	</avp>
	<avp name="Other-Party-Id-Nature" code="1076" mandatory="must" vendor-bit="must" vendor-id="Ericsson" may-encrypt="no" protected="mustnot">
		<type type-name="Enumerated"/>
		<enum name="UNKNOWN" code="0"/>
		<enum name="INTERNATIONAL" code="1"/>
		<enum name="NATIONAL" code="2"/>
		<enum name="SUBSCRIBER NUMBER" code="4"/>
		<enum name="ALPHANUMERIC" code="5"/>
	</avp>
	<avp name="Other-Party-Id-Data" code="1077" mandatory="must" vendor-bit="must" vendor-id="Ericsson" may-encrypt="no" protected="mustnot">
		<type type-name="UTF8String"/>
	</avp>
	<avp name="Other-Party-Id-Type" code="1078" mandatory="must" vendor-bit="must" vendor-id="Ericsson" may-encrypt="no" protected="mustnot">
		<type type-name="Enumerated"/>
		<enum name="END_USER_MSISDN" code="0"/>
		<enum name="END_USER_IMSI" code="1"/>
		<enum name="END_USER_SIP_URI" code="2"/>
		<enum name="END_USER_NAI" code="3"/>
		<enum name="END_USER_PRIVATE" code="4"/>
	</avp>
	<avp name="Service-Provider-Id" code="1081" mandatory="must" vendor-bit="must" vendor-id="Ericsson" may-encrypt="no" protected="mustnot">
		<type type-name="UTF8String"/>
	</avp>
	<avp name="Traffic-Case" code="1082" mandatory="must" vendor-bit="must" vendor-id="Ericsson" may-encrypt="no" protected="mustnot">
		<type type-name="Integer32"/>
	</avp>
	<avp name="Related-ICID" code="1128" vendor-id="Ericsson" mandatory="must" vendor-bit="must" may-encrypt="no" protected="mustnot">
		<type type-name="UTF8String"/>
	</avp>
	<avp name="Supplementary-Service-Information" code="1129" vendor-id="Ericsson" mandatory="must" vendor-bit="must">
		<type type-name="OctetString"/>
	</avp>
	<avp name="Supplementary-Service-Identity" code="1130" vendor-id="Ericsson" mandatory="must" vendor-bit="must" may-encrypt="no" protected="mustnot">
		<type type-name="Unsigned32"/>
	</avp>
	<avp name="Supplementary-Service-Action" code="1131" vendor-id="Ericsson" mandatory="must" vendor-bit="must" may-encrypt="no" protected="mustnot">
		<type type-name="Unsigned32"/>
	</avp>
	<avp name="Redirecting-Party-Address" code="1133" vendor-id="Ericsson" mandatory="must" vendor-bit="must" may-encrypt="no" protected="mustnot">
		<type type-name="UTF8String"/>
	</avp>
	<avp name="Calling-Party-Address-Presentation-Status" code="1141" vendor-id="Ericsson" mandatory="must" vendor-bit="must">
		<type type-name="Enumerated"/>
		<enum name="PRESENTATION_ALLOWED" code="0"/>
		<enum name="PRESENTATION_RESTRICTED" code="1"/>
		<enum name="UNKNOWN" code="2"/>
	</avp>
	<avp name="Called-Asserted-Identity-Presentation-Status" code="1142" vendor-id="Ericsson" mandatory="must" vendor-bit="must">
		<type type-name="Enumerated"/>
		<enum name="PRESENTATION_ALLOWED" code="0"/>
		<enum name="PRESENTATION_RESTRICTED" code="1"/>
	</avp>
	<avp name="Credit-Instance-Id" code="1143" mandatory="must" vendor-bit="must" vendor-id="Ericsson" may-encrypt="no" protected="mustnot">
		<type type-name="UTF8String"/>
	</avp>
	<avp name="Service-Start-Timestamp" code="1144" mandatory="must" vendor-bit="must" vendor-id="Ericsson" may-encrypt="no" protected="mustnot">
		<type type-name="Time"/>
	</avp>
	<avp name="Cumulative-Used-Service-Unit" code="1145" mandatory="must" vendor-bit="must" vendor-id="Ericsson" may-encrypt="no" protected="mustnot">
		<grouped>
			<gavp name="CC-Input-Octets"/>
			<gavp name="CC-Output-Octets"/>
			<gavp name="CC-Service-Specific-Units"/>
			<gavp name="CC-Time"/>
			<gavp name="CC-Total-Octets"/>
		</grouped>
	</avp>
	<avp name="Ericsson-Customer-Id" code="1146" mandatory="must" vendor-bit="must" vendor-id="Ericsson" may-encrypt="no" protected="mustnot">
		<type type-name="UTF8String"/>
	</avp>
	<avp name="From-Header" code="1153" vendor-id="Ericsson" mandatory="must" vendor-bit="must" may-encrypt="no" protected="mustnot">
		<type type-name="UTF8String"/>
	</avp>
	<avp name="Secondary-Digest-HA1" code="1192" vendor-id="Ericsson" mandatory="must" vendor-bit="must" may-encrypt="no" protected="mustnot">
		<type type-name="UTF8String"/>
	</avp>
	<avp name="SIP-Ringing-Timestamp-Fraction" code="1256" vendor-id="Ericsson" mandatory="must" vendor-bit="must" may-encrypt="no" protected="mustnot">
		<type type-name="Unsigned32"/>
	</avp>
	<avp name="Authentication_Method" code="1261" vendor-id="Ericsson" mandatory="must" vendor-bit="must">
		<type type-name="Enumerated"/>
		<enum name="NoAuthentication" code="0"/>
		<enum name="AkaAuthentication" code="1"/>
		<enum name="NassBundledAuthentication" code="2"/>
		<enum name="DigestAuthentication" code="3"/>
		<enum name="SsoAuthentication" code="4"/>
	</avp>
	<avp name="From-Header-Presentation-Status" code="1262" vendor-id="Ericsson" mandatory="must" vendor-bit="must">
		<type type-name="Enumerated"/>
		<enum name="PRESENTATION_ALLOWED" code="0"/>
		<enum name="PRESENTATION_RESTRICTED" code="1"/>
		<enum name="UNKNOWN" code="2"/>
	</avp>
	<avp name="Transaction_Info" code="1264" vendor-id="Ericsson" mandatory="must" vendor-bit="must">
		<type type-name="OctetString"/>
	</avp>
	<avp name="Transaction-Type" code="1265" vendor-id="Ericsson" mandatory="must" vendor-bit="must">
		<type type-name="Enumerated"/>
		<enum name="SIP_REQUEST" code="0"/>
		<enum name="SIP_RESPONSE" code="1"/>
		<enum name="DIAMETER_REQUEST" code="2"/>
		<enum name="DIAMETER_ANSWER" code="3"/>
	</avp>
	<avp name="Transaction-Data-Name" code="1266" vendor-id="Ericsson" mandatory="must" vendor-bit="must">
		<type type-name="UTF8String"/>
	</avp>
	<avp name="Transaction-Data-Value" code="1267" vendor-id="Ericsson" mandatory="must" vendor-bit="must">
		<type type-name="UTF8String"/>
	</avp>
	<avp name="Charging-Profile-Id" code="1268" vendor-id="Ericsson" mandatory="must" vendor-bit="must">
		<type type-name="Unsigned32"/>
	</avp>
	<avp name="Service-Number-Type" code="1307" vendor-id="Ericsson" mandatory="must" vendor-bit="must">
		<type type-name="Enumerated"/>
		<enum name="OSN" code="0"/>
		<enum name="NSN" code="1"/>
		<enum name="NON_SERVICE_E164" code="2"/>
		<enum name="UNKNOWN" code="3"/>
	</avp>
	<avp name="SCC_Service_Identity" code="1314" vendor-id="Ericsson" mandatory="must" vendor-bit="must">
		<type type-name="Enumerated"/>
		<enum name="T_ADS" code="0"/>
		<enum name="SDS" code="100"/>
		<enum name="SRVCC" code="200"/>
	</avp>
	<avp name="SDD-TADS-Decision" code="1315" vendor-id="Ericsson" mandatory="must" vendor-bit="must">
		<type type-name="Enumerated"/>
		<enum name="NO_SELECTION" code="0"/>
		<enum name="NO_SELECTION_AND_REJECT" code="1"/>
		<enum name="VoLTE_UE_on_PS" code="2"/>
		<enum name="VoLTE_UE_on_CS" code="3"/>
		<enum name="VoLTE_UE_on_PS_or_PS" code="4"/>
		<enum name="BREAKOUT_to_CS" code="5"/>
		<enum name="FIXED_UE_on_PS_and_BREAKOUT_to_CS" code="6"/>
	</avp>
	<avp name="Served_User" code="1330" vendor-id="Ericsson" mandatory="must" vendor-bit="must">
		<type type-name="UTF8String"/>
	</avp>
	<avp name="Tenant" code="1380" vendor-id="Ericsson" mandatory="must" vendor-bit="must">
		<type type-name="UTF8String"/>
	</avp>
	<avp name="UHTZ-Offset" code="1388" vendor-id="Ericsson" mandatory="must" vendor-bit="must">
		<type type-name="UTF8String"/>
	</avp>
	<avp name="AS-Type" code="1433" vendor-id="Ericsson" mandatory="must" vendor-bit="must">
		<type type-name="Enumerated"/>
		<enum name="MMTEL_AS" code="0"/>
		<enum name="REDIRECTION_AS" code="1"/>
		<enum name="SCHEDULED_CONFERENCE_AS" code="2"/>
		<enum name="SCC_AS" code="3"/>
		<enum name="PARLAY_X_AS" code="4"/>
		<enum name="ST_AS" code="5"/>
	</avp>
	<avp name="Transaction-SIP-Message" code="1460" vendor-id="Ericsson" mandatory="must" vendor-bit="must">
		<type type-name="UTF8String"/>
	</avp>
</vendor>
