<?xml version="1.0" encoding="utf-8"?>

<vendor vendor-id="VerizonWireless" code="12951" name="Verizon Wireless">

  <avp name="Idle-To-Connected-Transition-Count" code="5001" vendor-id="VerizonWireless" mandatory="must" protected="may" may-encrypt="yes" vendor-bit="must">
    <type type-name="Integer32"/>
  </avp>

  <avp name="Connected-Duration" code="5002" vendor-id="VerizonWireless" mandatory="must" protected="may" may-encrypt="yes" vendor-bit="must" >
    <type type-name="Unsigned32"/>
  </avp>

  <avp name="Charging-Gateway-Function-Host" vendor-id="VerizonWireless" code="6068" >
    <type type-name="OctetString"/>
  </avp>

  <avp name="Charging-Group-ID" vendor-id="VerizonWireless" code="6069" >
    <type type-name="OctetString"/>
  </avp>

  <avp name="LI-Indicator-Gx" code="6092" vendor-id="VerizonWireless" >
    <grouped>
      <gavp name="Random-Vector"/>
      <gavp name="Interception-Action"/>
      <gavp name="LI-Correlation-ID"/>
      <gavp name="LI-TargetMFAddress"/>
      <gavp name="Charging-Rule-Name"/>
    </grouped>
  </avp>

  <avp name="Random-Vector" code="6093" vendor-id="VerizonWireless" >
    <type type-name="OctetString"/>
  </avp>

  <avp name="Interception-Action" code="6094" vendor-id="VerizonWireless" >
    <type type-name="OctetString"/>
  </avp>

  <avp name="LI-Correlation-ID" code="6095" vendor-id="VerizonWireless" >
    <type type-name="OctetString"/>
  </avp>

  <avp name="LI-TargetMFAddress" code="6096" vendor-id="VerizonWireless" >
    <grouped>
      <gavp name="LI-TargetID"/>
      <gavp name="MF-Address"/>
      <gavp name="MF-Port"/>
    </grouped>
  </avp>

  <avp name="LI-TargetID" code="6097" vendor-id="VerizonWireless" >
    <type type-name="OctetString"/>
  </avp>

    <avp name="MF-Address" code="6098" vendor-id="VerizonWireless" >
    <type type-name="OctetString"/>
  </avp>

    <avp name="MF-Port" code="6099" vendor-id="VerizonWireless" >
    <type type-name="OctetString"/>
  </avp>

  <avp name="Self-Activation-Status" code="6115" vendor-id="VerizonWireless" >
    <type type-name="Enumerated"/>
    <enum name="Continue" code="0"/>
    <enum name="Reactivation-Disallowed-To-APN" code="1"/>
  </avp>

  <avp name="Virtual-APN-Name" vendor-id="VerizonWireless" code="6116" >
    <type type-name="UTF8String"/>
  </avp>

  <avp name="Origination-Timestamp" vendor-id="VerizonWireless" code="7102" >
    <type type-name="Unsigned64"/>
  </avp>

  <avp name="Max-Wait-Time" code="7103" vendor-id="VerizonWireless" >
    <type type-name="Unsigned32"/>
  </avp>

  <avp name="Online-Response-Required" code="8105" vendor-id="VerizonWireless" >
    <type type-name="Enumerated"/>
    <enum name="Wait" code="0"/>
    <enum name="Don't Wait" code="1"/>
    <enum name="Spare2" code="2"/>
    <enum name="Spare3" code="3"/>
    <enum name="Spare4" code="4"/>
  </avp>

</vendor>

